name,datetime,temp,feelslike,dew,humidity,precip,precipprob,preciptype,snow,snowdepth,windgust,windspeed,winddir,sealevelpressure,cloudcover,visibility,solarradiation,solarenergy,uvindex,severerisk,conditions,icon,stations
"Hà Nội, Giải Phóng",2023-11-01T00:00:00,23.5,23.5,21,85.88,0,0,,0,0,12.6,1.8,355,1018.5,0,6,0,0,0,10,Clear,clear-night,"48820099999,VVNB"
"Hà Nội, Giải Phóng",2023-11-01T01:00:00,23.5,23.5,21.5,88.59,0,0,,0,0,8.6,1.1,5,1018.1,52.9,17.2,0,0,0,10,Partially cloudy,partly-cloudy-night,"48820099999,48823099999,48825099999,48831099999,VVNB"
"Hà Nội, Giải Phóng",2023-11-01T02:00:00,23,23,21,88.52,0,0,,0,0,6.1,4.5,350,1018,89,6.5,0,0,0,10,Partially cloudy,partly-cloudy-night,"48820099999,VVNB"
"Hà Nội, Giải Phóng",2023-11-01T03:00:00,22.5,22.5,21,91.24,0,0,,0,0,6.5,2.7,100,1017.5,40,7,0,0,0,10,Partially cloudy,partly-cloudy-night,"48820099999,VVNB"
"Hà Nội, Giải Phóng",2023-11-01T04:00:00,23.1,23.1,21.7,92.06,0,0,,0,0,4.3,0.4,60,1017.4,80,9.7,0,0,0,10,Partially cloudy,partly-cloudy-night,"48820099999,48823099999,48825099999,VVNB"
"Hà Nội, Giải Phóng",2023-11-01T05:00:00,23,23,20,83.22,0,0,,0,0,2.2,0.9,138.3,1018,0,8.5,0,0,0,10,Clear,clear-night,"48820099999,VVNB"
"Hà Nội, Giải Phóng",2023-11-01T06:00:00,23,23,20,83.22,0,0,,0,0,1.4,2.7,57.1,1019,3.7,10,0,0,0,10,Clear,clear-day,"48820099999,VVNB"
"Hà Nội, Giải Phóng",2023-11-01T07:00:00,23.2,23.2,22.1,93.24,0,0,rain,0,0,2.5,0.4,333,1019.5,85.5,5.5,61,0.2,1,10,Partially cloudy,partly-cloudy-day,"48820099999,48823099999,48825099999,48831099999,VVNB"
"Hà Nội, Giải Phóng",2023-11-01T08:00:00,25,25,21,78.5,0,0,rain,0,0,3.2,4.5,300,1020,12.5,7.5,271,1,3,10,Clear,clear-day,"48820099999,VVNB"
"Hà Nội, Giải Phóng",2023-11-01T09:00:00,26.5,26.5,20.5,69.64,0,0,,0,0,3.6,3.6,17.3,1020,0,8.5,484,1.7,5,10,Clear,clear-day,"48820099999,VVNB"
"Hà Nội, Giải Phóng",2023-11-01T10:00:00,26.6,26.6,19.9,66.63,0,0,,0,0,4.7,1.2,360,1020,91.7,10,659,2.4,7,10,Overcast,cloudy,"48820099999,48823099999,48825099999,VVNB"
"Hà Nội, Giải Phóng",2023-11-01T11:00:00,29.5,31.3,20,56.69,0,0,,0,0,4.7,7.4,80,1018.5,37.5,10,777,2.8,8,10,Partially cloudy,partly-cloudy-day,"48820099999,VVNB"
"Hà Nội, Giải Phóng",2023-11-01T12:00:00,29,30.1,18.5,53.15,0,0,,0,0,4,7.6,360,1017.5,40,10,827,3,8,10,Partially cloudy,partly-cloudy-day,"48820099999,VVNB"
"Hà Nội, Giải Phóng",2023-11-01T13:00:00,29.7,31.2,19.3,53.38,0,0,,0,0,2.9,1.3,297,1016.5,48,10.3,806,2.9,8,10,Partially cloudy,partly-cloudy-day,"48820099999,48823099999,48825099999,48831099999,VVNB"
"Hà Nội, Giải Phóng",2023-11-01T14:00:00,29,30.3,19,54.83,0,0,,0,0,2.9,7.4,30,1015,50,10,713,2.6,7,10,Partially cloudy,partly-cloudy-day,"48820099999,VVNB"
"Hà Nội, Giải Phóng",2023-11-01T15:00:00,29,29.8,18,51.5,0,0,,0,0,4,3.6,73.5,1015,30,10,557,2,6,10,Partially cloudy,partly-cloudy-day,"48820099999,VVNB"
"Hà Nội, Giải Phóng",2023-11-01T16:00:00,29.1,30.4,18.9,54.04,0,0,,0,0,5,6.4,178,1014.7,89.9,10.1,354,1.3,4,10,Partially cloudy,partly-cloudy-day,"48820099999,48823099999,48825099999,VVNB"
"Hà Nội, Giải Phóng",2023-11-01T17:00:00,28,28.9,18,54.58,0,0,,0,0,9,3.6,90,1015,1,10,132,0.5,1,10,Clear,clear-day,"48820099999,VVNB"
"Hà Nội, Giải Phóng",2023-11-01T18:00:00,27.5,28.6,18.5,57.99,0,0,,0,0,14.4,5.4,195,1015,0,9.5,4,0,0,10,Clear,clear-night,"48820099999,VVNB"
"Hà Nội, Giải Phóng",2023-11-01T19:00:00,25.1,25.1,20.3,74.43,0,0,,0,0,28.1,0.6,110,1015.6,8.4,9.3,0,0,0,10,Clear,clear-night,"48820099999,48823099999,48825099999,48831099999,VVNB"
"Hà Nội, Giải Phóng",2023-11-01T20:00:00,25,25,19,69.36,0,0,,0,0,28.4,9.2,140,1016,0,7,0,0,0,10,Clear,clear-night,"48820099999,VVNB"
"Hà Nội, Giải Phóng",2023-11-01T21:00:00,25,25,20,73.8,0,0,,0,0,26.6,12.1,140,1016,0,8,0,0,0,10,Clear,clear-night,"48820099999,VVNB"
"Hà Nội, Giải Phóng",2023-11-01T22:00:00,24.6,24.6,21.4,82.32,0,0,,0,0,24.8,2.3,142,1016.6,9.5,9.5,0,0,0,10,Clear,clear-night,"48820099999,48823099999,48825099999,VVNB"
"Hà Nội, Giải Phóng",2023-11-01T23:00:00,24,24,21,83.34,0,0,,0,0,24.1,11.2,150,1016,0,7.5,0,0,0,10,Clear,clear-night,"48820099999,VVNB"
"Hà Nội, Giải Phóng",2023-11-02T00:00:00,24,24,21,83.34,0,0,,0,0,22.7,7.6,130,1016,0,6.5,0,0,0,10,Clear,clear-night,"48820099999,VVNB"
"Hà Nội, Giải Phóng",2023-11-02T01:00:00,23.2,23.2,21.5,90.04,0,0,,0,0,20.2,1.2,62,1015.6,10.6,9.1,0,0,0,10,Clear,clear-night,"48820099999,48823099999,48825099999,48831099999,VVNB"
"Hà Nội, Giải Phóng",2023-11-02T02:00:00,22,22,21,94.06,0,0,,0,0,16.9,6.5,70,1015,0,4.5,0,0,0,10,Clear,clear-night,"48820099999,VVNB"
"Hà Nội, Giải Phóng",2023-11-02T03:00:00,22,22,21,94.06,0,0,,0,0,14.8,9.4,60,1015,0,4,0,0,0,10,Clear,clear-night,"48820099999,VVNB"
"Hà Nội, Giải Phóng",2023-11-02T04:00:00,23.2,23.2,22.2,94.13,0,0,,0,0,13.3,1.3,43,1015,9.5,9.3,0,0,0,10,Clear,clear-night,"48820099999,48823099999,48825099999"
"Hà Nội, Giải Phóng",2023-11-02T05:00:00,22,22,20,88.44,0,0,,0,0,10.4,12.1,50,1015,0,5,0,0,0,10,Clear,clear-night,"48820099999,VVNB"
"Hà Nội, Giải Phóng",2023-11-02T06:00:00,22,22,20,88.44,0,0,,0,0,9.4,9.4,50,1016,0,3.5,0,0,0,10,Clear,clear-day,"48820099999,VVNB"
"Hà Nội, Giải Phóng",2023-11-02T07:00:00,22.5,22.5,21.6,94.63,0,0,,0,0,9.7,2.3,41,1016.1,0,3.9,59,0.2,1,10,Clear,clear-day,"48820099999,48823099999,48825099999,48831099999,VVNB"
"Hà Nội, Giải Phóng",2023-11-02T08:00:00,24,24,21,83.34,0,0,,0,0,9.4,12.1,50,1017,0,4.5,267,1,3,10,Clear,clear-day,"48820099999,VVNB"
"Hà Nội, Giải Phóng",2023-11-02T09:00:00,26,26,21,73.97,0,0,,0,0,9.4,9.4,45,1017,0,5,477,1.7,5,10,Clear,clear-day,"48820099999,VVNB"
"Hà Nội, Giải Phóng",2023-11-02T10:00:00,27,28.7,20.6,68.2,0,0,,0,0,9.4,4.2,166,1016.7,53.1,9.6,651,2.3,7,10,Partially cloudy,partly-cloudy-day,"48820099999,48823099999,48825099999,VVNB"
"Hà Nội, Giải Phóng",2023-11-02T11:00:00,29.5,31.3,20,56.69,0,0,,0,0,9.4,7.4,50,1015.5,27.5,10,768,2.8,8,10,Partially cloudy,partly-cloudy-day,"48820099999,VVNB"
"Hà Nội, Giải Phóng",2023-11-02T12:00:00,29,30.5,19.5,56.56,0,0,,0,0,10.8,6.5,180,1014,37.5,8.5,816,2.9,8,10,Partially cloudy,partly-cloudy-day,"48820099999,VVNB"
"Hà Nội, Giải Phóng",2023-11-02T13:00:00,30,30.9,18.1,48.77,0,0,,0,0,10.1,3.8,191,1013.2,76.7,9.9,795,2.9,8,10,Partially cloudy,partly-cloudy-day,"48820099999,48823099999,48825099999,48831099999,VVNB"
"Hà Nội, Giải Phóng",2023-11-02T14:00:00,30.5,32.2,19.5,51.89,0,0,,0,0,10.1,8.5,140,1012,50,9,700,2.5,7,10,Partially cloudy,partly-cloudy-day,"48820099999,VVNB"
"Hà Nội, Giải Phóng",2023-11-02T15:00:00,30,31.6,19.5,53.4,0,0,,0,0,10.4,5.6,130,1011.5,89,9.5,542,2,5,10,Partially cloudy,partly-cloudy-day,"48820099999,VVNB"
"Hà Nội, Giải Phóng",2023-11-02T16:00:00,30,31,18.4,49.8,0,0,,0,0,12.6,4.6,175,1011.3,32.4,10.1,344,1.2,3,10,Partially cloudy,partly-cloudy-day,"48820099999,48823099999,48825099999,VVNB"
"Hà Nội, Giải Phóng",2023-11-02T17:00:00,28.5,29.8,19,56.44,0,0,,0,0,18.7,10.3,170,1011.5,27.5,10,127,0.5,1,10,Partially cloudy,partly-cloudy-day,"48820099999,VVNB"
"Hà Nội, Giải Phóng",2023-11-02T18:00:00,28,29.2,19,58.11,0,0,,0,0,28.4,8.5,155,1012,0,8,4,0,0,10,Clear,clear-night,"48820099999,VVNB"
"Hà Nội, Giải Phóng",2023-11-02T19:00:00,27.4,29.4,21.3,69.63,0,0,,0,0,31.3,8.2,137,1012.7,41.5,9.6,0,0,0,10,Partially cloudy,partly-cloudy-night,"48820099999,48823099999,48825099999,48831099999,VVNB"
"Hà Nội, Giải Phóng",2023-11-02T20:00:00,26,26,21,73.97,0,0,,0,0,29.9,13,145,1013,70,9,0,0,0,10,Partially cloudy,partly-cloudy-night,"48820099999,VVNB"
"Hà Nội, Giải Phóng",2023-11-02T21:00:00,26,26,21,73.97,0,0,,0,0,28.1,12.1,145,1013,70,9,0,0,0,10,Partially cloudy,partly-cloudy-night,"48820099999,VVNB"
"Hà Nội, Giải Phóng",2023-11-02T22:00:00,25.3,25.3,23.1,87.66,0,0,,0,0,26.3,5.5,140,1013.8,38.3,9.4,0,0,0,10,Partially cloudy,partly-cloudy-night,"48820099999,48823099999,48825099999,VVNB"
"Hà Nội, Giải Phóng",2023-11-02T23:00:00,25,25,22.5,86.03,0,0,,0,0,26.6,11.2,125,1013,12.5,6.5,0,0,0,10,Clear,clear-night,"48820099999,VVNB"
"Hà Nội, Giải Phóng",2023-11-03T00:00:00,24,24,22.5,91.34,0,0,,0,0,25.2,7.6,95,1013,27.5,5,0,0,0,10,Partially cloudy,partly-cloudy-night,"48820099999,VVNB"
"Hà Nội, Giải Phóng",2023-11-03T01:00:00,24.2,24.2,23.1,93.81,0,0,,0,0,23.8,1.5,84,1012.6,39.2,8.9,0,0,0,10,Partially cloudy,partly-cloudy-night,"48820099999,48823099999,48825099999,48831099999,VVNB"
"Hà Nội, Giải Phóng",2023-11-03T02:00:00,24,24,23,94.15,0,0,,0,0,20.9,8.5,95,1012,40,3,0,0,0,10,Partially cloudy,partly-cloudy-night,"48820099999,VVNB"
"Hà Nội, Giải Phóng",2023-11-03T03:00:00,23,23,22.5,97.01,0,0,,0,0,16.9,7.6,85,1012,27.5,3,0,0,0,10,Partially cloudy,partly-cloudy-night,"48820099999,VVNB"
"Hà Nội, Giải Phóng",2023-11-03T04:00:00,23.7,23.7,22.8,95.07,0,0,,0,0,12.2,4.4,88,1011.8,30.4,8.4,0,0,0,10,Partially cloudy,partly-cloudy-night,"48820099999,48823099999,48825099999,VVNB"
"Hà Nội, Giải Phóng",2023-11-03T05:00:00,23.5,23.5,23,97.03,0,0,,0,0,9,9.4,65,1012,89,2.5,0,0,0,10,Partially cloudy,partly-cloudy-night,"48820099999,VVNB"
"Hà Nội, Giải Phóng",2023-11-03T06:00:00,23.5,23.5,22.5,94.13,0.1,100,rain,0,0,5.4,10.3,60,1012,89,4,0,0,0,10,"Rain, Partially cloudy",rain,"48820099999,VVNB"
"Hà Nội, Giải Phóng",2023-11-03T07:00:00,24.1,24.1,23.1,93.86,0,0,,0,0,7.9,4.8,127,1012.8,88,4.4,50,0.2,1,10,Partially cloudy,partly-cloudy-day,"48820099999,48823099999,48825099999,48831099999,VVNB"
"Hà Nội, Giải Phóng",2023-11-03T08:00:00,25.5,25.5,22,81.01,0,0,,0,0,11.2,11.2,65,1013,50,5,251,0.9,3,10,Partially cloudy,partly-cloudy-day,"48820099999,VVNB"
"Hà Nội, Giải Phóng",2023-11-03T09:00:00,27,29.6,23,78.78,0,0,,0,0,13.3,8.5,85,1013,50,6,462,1.7,5,10,Partially cloudy,partly-cloudy-day,"48820099999,VVNB"
"Hà Nội, Giải Phóng",2023-11-03T10:00:00,28.5,31.3,21.9,67.2,0,0,,0,0,14,7.5,163,1013.2,81.3,9.4,628,2.3,6,3,Partially cloudy,partly-cloudy-day,"48820099999,48823099999,48825099999,VVNB"
"Hà Nội, Giải Phóng",2023-11-03T11:00:00,30.5,33.9,22,60.52,0,0,,0,0,14.4,10.3,120,1012,89,9.5,715,2.6,7,3,Partially cloudy,partly-cloudy-day,"48820099999,VVNB"
"Hà Nội, Giải Phóng",2023-11-03T12:00:00,31,33.7,21,55.32,0,0,,0,0,14.8,7.4,186,1011,69,10,748,2.7,7,10,Partially cloudy,partly-cloudy-day,"48820099999,VVNB"
"Hà Nội, Giải Phóng",2023-11-03T13:00:00,31.2,33.4,20.3,52.27,0,0,,0,0,14.4,7.8,143,1010,71.2,10.3,755,2.7,8,10,Partially cloudy,partly-cloudy-day,"48820099999,48823099999,48825099999,48831099999,VVNB"
"Hà Nội, Giải Phóng",2023-11-03T14:00:00,31.5,34.3,21,53.77,0,0,,0,0,14,12.1,150,1009,27.5,10,670,2.4,7,10,Partially cloudy,partly-cloudy-day,"48820099999,VVNB"
"Hà Nội, Giải Phóng",2023-11-03T15:00:00,31,33.7,21,55.32,0,0,,0,0,15.1,12.1,170,1009,27.5,10,476,1.7,5,10,Partially cloudy,partly-cloudy-day,"48820099999,VVNB"
"Hà Nội, Giải Phóng",2023-11-03T16:00:00,31.4,33.9,20.5,52.43,0,0,,0,0,17.6,8.2,177,1008.9,79,10.1,255,0.9,3,10,Partially cloudy,partly-cloudy-day,"48820099999,48823099999,48825099999,VVNB"
"Hà Nội, Giải Phóng",2023-11-03T17:00:00,30,33.3,22,62.27,0.1,100,rain,0,0,28.8,13.9,145,1009,50,10,66,0.2,1,10,"Rain, Partially cloudy",rain,"48820099999,VVNB"
"Hà Nội, Giải Phóng",2023-11-03T18:00:00,28.5,32.4,23.5,74.38,0,0,,0,0,31,19.4,130,1009.5,89,10,3,0,0,10,Partially cloudy,partly-cloudy-night,"48820099999,VVNB"
"Hà Nội, Giải Phóng",2023-11-03T19:00:00,28.5,31.7,22.6,70.35,0,0,,0,0,30.6,9.2,169,1010.2,74.1,10.1,0,0,0,10,Partially cloudy,partly-cloudy-night,"48820099999,48823099999,48825099999,48831099999,VVNB"
"Hà Nội, Giải Phóng",2023-11-03T20:00:00,27,30.1,24,83.68,0,0,,0,0,30.2,15.7,140,1011,25,10,0,0,0,10,Partially cloudy,partly-cloudy-night,"48820099999,VVNB"
"Hà Nội, Giải Phóng",2023-11-03T21:00:00,27,30.1,24,83.68,0,0,,0,0,31,14.8,150,1011.5,7.9,10,0,0,0,10,Clear,clear-night,"48820099999,VVNB"
"Hà Nội, Giải Phóng",2023-11-03T22:00:00,26.4,26.4,24.3,88.26,0,0,,0,0,31,8.3,138,1011.9,63.2,10,0,0,0,10,Partially cloudy,partly-cloudy-night,"48820099999,48823099999,48825099999,VVNB"
"Hà Nội, Giải Phóng",2023-11-03T23:00:00,26,26,24,88.76,0,0,,0,0,29.9,14.8,125,1011.5,0,7.5,0,0,0,10,Clear,clear-night,"48820099999,VVNB"
"Hà Nội, Giải Phóng",2023-11-04T00:00:00,26,26,24,88.76,0,0,,0,0,27.7,13.9,125,1011,0,6.5,0,0,0,10,Clear,clear-night,"48820099999,VVNB"
"Hà Nội, Giải Phóng",2023-11-04T01:00:00,25.7,25.7,24.5,93.01,0,0,,0,0,26.3,8.3,136,1011.2,89,9.6,0,0,0,10,Partially cloudy,partly-cloudy-night,"48820099999,48823099999,48825099999,48831099999,VVNB"
"Hà Nội, Giải Phóng",2023-11-04T02:00:00,26,26,24,88.76,0,0,,0,0,22.3,13,130,1011,89,7.5,0,0,0,10,Partially cloudy,partly-cloudy-night,"48820099999,VVNB"
"Hà Nội, Giải Phóng",2023-11-04T03:00:00,25.5,25.5,24,91.43,0.1,100,rain,0,0,20.5,11.2,115,1011,89,7,0,0,0,10,"Rain, Partially cloudy",rain,"48820099999,VVNB"
"Hà Nội, Giải Phóng",2023-11-04T04:00:00,25.5,25.5,24.5,94.21,0,0,,0,0,17.6,7.7,133,1011.3,89.2,9.3,0,0,0,10,Partially cloudy,partly-cloudy-night,"48820099999,48823099999,48825099999,VVNB"
"Hà Nội, Giải Phóng",2023-11-04T05:00:00,26,26,24,88.76,0.1,100,rain,0,0,14.8,8.5,120,1011.5,89,6.5,0,0,0,10,"Rain, Partially cloudy",rain,"48820099999,VVNB"
"Hà Nội, Giải Phóng",2023-11-04T06:00:00,26,26,24.5,91.46,0.4,100,rain,0,0,13.3,8.5,110,1012,89,5,0,0,0,10,"Rain, Partially cloudy",rain,"48820099999,VVNB"
"Hà Nội, Giải Phóng",2023-11-04T07:00:00,25.8,25.8,24.7,93.64,0,0,,0,0,15.1,7.4,137,1012.7,85.7,9,52,0.2,1,10,Partially cloudy,partly-cloudy-day,"48820099999,48823099999,48825099999,48831099999,VVNB"
"Hà Nội, Giải Phóng",2023-11-04T08:00:00,27.5,31.7,25,86.27,0,0,rain,0,0,16.6,9.4,160,1013,89,8,251,0.9,3,10,Partially cloudy,partly-cloudy-day,"48820099999,VVNB"
"Hà Nội, Giải Phóng",2023-11-04T09:00:00,29,33.6,24,74.47,0.1,100,rain,0,0,18.7,11.2,160,1013.5,69,10,456,1.6,5,10,"Rain, Partially cloudy",rain,"48820099999,VVNB"
"Hà Nội, Giải Phóng",2023-11-04T10:00:00,28.8,33.5,24.2,76.39,0,0,,0,0,19.8,2.1,156,1013.7,85.7,10.1,633,2.3,6,10,Partially cloudy,partly-cloudy-day,"48820099999,48823099999,48825099999,VVNB"
"Hà Nội, Giải Phóng",2023-11-04T11:00:00,30.5,35.3,23.5,66.28,0,0,rain,0,0,20.2,9.4,180,1012.5,70,10,661,2.4,7,10,Partially cloudy,partly-cloudy-day,"48820099999,VVNB"
"Hà Nội, Giải Phóng",2023-11-04T12:00:00,32,37.3,23.5,60.86,0,0,,0,0,19.4,10.3,150,1011,50,10,470,1.7,5,10,Partially cloudy,partly-cloudy-day,"48820099999,VVNB"
"Hà Nội, Giải Phóng",2023-11-04T13:00:00,31.8,35.7,22.1,56.5,0,0,,0,0,20.5,8.3,159,1010.4,58.1,10.3,282,1,3,10,Partially cloudy,partly-cloudy-day,"48820099999,48823099999,48825099999,48831099999,VVNB"
"Hà Nội, Giải Phóng",2023-11-04T14:00:00,32,36.3,22.5,57.28,0,0,,0,0,22.3,14.8,145,1010,89,10,192,0.7,2,30,Partially cloudy,partly-cloudy-day,"48820099999,VVNB"
"Hà Nội, Giải Phóng",2023-11-04T15:00:00,32,36.3,22.5,57.28,0,0,,0,0,24.1,13.9,150,1009.5,90,10,200,0.7,2,30,Partially cloudy,partly-cloudy-day,"48820099999,VVNB"
"Hà Nội, Giải Phóng",2023-11-04T16:00:00,31.2,35.6,22.9,61.49,0,0,rain,0,0,24.8,9.7,140,1009.7,29.4,10.1,201,0.7,2,30,Partially cloudy,partly-cloudy-day,"48820099999,48823099999,48825099999,VVNB"
"Hà Nội, Giải Phóng",2023-11-04T17:00:00,29.5,34.4,24,72.34,0.1,100,rain,0,0,29.5,15.7,120,1010,64.1,10,72,0.3,1,30,"Rain, Partially cloudy",rain,"48820099999,VVNB"
"Hà Nội, Giải Phóng",2023-11-04T18:00:00,29,33.6,24,74.47,0,0,,0,0,33.1,15.7,125,1010,27.5,10,2,0,0,30,Partially cloudy,partly-cloudy-night,"48820099999,VVNB"
"Hà Nội, Giải Phóng",2023-11-04T19:00:00,28,31.9,23.9,78.44,0,0,,0,0,33.1,8.9,135,1011.2,27.7,10.1,0,0,0,10,Partially cloudy,partly-cloudy-night,"48820099999,48823099999,48825099999,48831099999,VVNB"
"Hà Nội, Giải Phóng",2023-11-04T20:00:00,27,30.1,24,83.68,0,0,,0,0,33.1,14.8,120,1012,37.5,10,0,0,0,10,Partially cloudy,partly-cloudy-night,"48820099999,VVNB"
"Hà Nội, Giải Phóng",2023-11-04T21:00:00,27,30.1,24,83.68,0,0,,0,0,33.1,16.6,130,1012,89,10,0,0,0,10,Partially cloudy,partly-cloudy-night,"48820099999,VVNB"
"Hà Nội, Giải Phóng",2023-11-04T22:00:00,26.6,26.6,24.7,89,0,0,,0,0,34.2,6,138,1012.3,85.7,10,0,0,0,10,Partially cloudy,partly-cloudy-night,"48820099999,48823099999,48825099999,VVNB"
"Hà Nội, Giải Phóng",2023-11-04T23:00:00,27,30.6,25,88.84,0,0,,0,0,33.1,13,130,1012,89,10,0,0,0,10,Partially cloudy,partly-cloudy-night,"48820099999,VVNB"
"Hà Nội, Giải Phóng",2023-11-05T00:00:00,26.5,26.5,25,91.49,0,0,,0,0,29.5,14.8,115,1012,89,9.5,0,0,0,10,Partially cloudy,partly-cloudy-night,"48820099999,VVNB"
"Hà Nội, Giải Phóng",2023-11-05T01:00:00,26.3,26.3,25.1,93.27,0,0,,0,0,28.1,6.1,113,1011.6,84.3,10.1,0,0,0,30,Partially cloudy,partly-cloudy-night,"48820099999,48823099999,48825099999,48831099999,VVNB"
"Hà Nội, Giải Phóng",2023-11-05T02:00:00,26,26,24,88.76,0,0,,0,0,25.9,13.9,125,1011,89,10,0,0,0,30,Partially cloudy,partly-cloudy-night,"48820099999,VVNB"
"Hà Nội, Giải Phóng",2023-11-05T03:00:00,26,26,24,88.76,0.1,100,rain,0,0,25.2,12.1,115,1011,89,9,0,0,0,30,"Rain, Partially cloudy",rain,"48820099999,VVNB"
"Hà Nội, Giải Phóng",2023-11-05T04:00:00,26,26,24.9,93.65,0,0,,0,0,23.8,4.9,134,1011.8,97.8,9.5,0,0,0,30,Overcast,cloudy,"48820099999,48823099999,48825099999,VVNB"
"Hà Nội, Giải Phóng",2023-11-05T05:00:00,26,26,24.5,91.46,0.1,100,rain,0,0,22.7,13.9,105,1012,89,6,0,0,0,10,"Rain, Partially cloudy",rain,"48820099999,VVNB"
"Hà Nội, Giải Phóng",2023-11-05T06:00:00,25,25,24,94.19,0.1,100,rain,0,0,22.3,12.1,100,1012.5,89,5.5,0,0,0,10,"Rain, Partially cloudy",rain,"48820099999,VVNB"
"Hà Nội, Giải Phóng",2023-11-05T07:00:00,26,26,24.9,93.47,0,0,,0,0,23.4,2.9,103,1013.1,65.8,9.3,50,0.2,1,30,Partially cloudy,partly-cloudy-day,"48820099999,48823099999,48825099999,48831099999,VVNB"
"Hà Nội, Giải Phóng",2023-11-05T08:00:00,26,26,24,88.76,0,0,,0,0,24.8,13,100,1014,95,6.5,233,0.8,2,30,Overcast,cloudy,"48820099999,VVNB"
"Hà Nội, Giải Phóng",2023-11-05T09:00:00,27.5,31.4,24.5,83.73,0.2,100,rain,0,0,21.6,13,110,1014,89,8.5,397,1.4,4,30,"Rain, Partially cloudy",rain,"48820099999,VVNB"
"Hà Nội, Giải Phóng",2023-11-05T10:00:00,29.2,33.8,24,73.7,0,0,rain,0,0,20.9,8.9,211,1014.3,89.7,10.1,406,1.5,4,30,Partially cloudy,partly-cloudy-day,"48820099999,48823099999,48825099999,VVNB"
"Hà Nội, Giải Phóng",2023-11-05T11:00:00,30,35.1,24,70.29,0.4,100,rain,0,0,20.2,14.8,165,1013,89,10,428,1.5,4,30,"Rain, Partially cloudy",rain,"48820099999,VVNB"
"Hà Nội, Giải Phóng",2023-11-05T12:00:00,30,35.1,24,70.29,0.6,100,rain,0,0,19.4,10.3,160,1012.5,94,10,463,1.7,5,30,"Rain, Overcast",rain,"48820099999,VVNB"
"Hà Nội, Giải Phóng",2023-11-05T13:00:00,31.4,36.2,23.2,61.53,0,0,rain,0,0,19.4,7.4,139,1011.7,89.2,10.3,349,1.3,3,30,Partially cloudy,partly-cloudy-day,"48823099999,48825099999,48831099999,VVNB"
"Hà Nội, Giải Phóng",2023-11-05T14:00:00,31.5,37.2,24,64.52,0,0,,0,0,19.4,12.1,150,1011,89,10,332,1.2,3,30,Partially cloudy,partly-cloudy-day,"48820099999,VVNB"
"Hà Nội, Giải Phóng",2023-11-05T15:00:00,31,36,23.5,64.41,0,0,,0,0,18.7,13.9,140,1010,89,10,221,0.8,2,30,Partially cloudy,partly-cloudy-day,"48820099999,VVNB"
"Hà Nội, Giải Phóng",2023-11-05T16:00:00,31.7,36.1,22.7,59.22,0,0,,0,0,22,8.7,137,1010.8,54,10.1,60,0.2,1,30,Partially cloudy,partly-cloudy-day,"48820099999,48823099999,48825099999,VVNB"
"Hà Nội, Giải Phóng",2023-11-05T17:00:00,30,34.1,23,66.18,0,0,,0,0,24.5,13.9,120,1011,100,10,23,0.1,0,30,Overcast,cloudy,"48820099999,VVNB"
"Hà Nội, Giải Phóng",2023-11-05T18:00:00,29,34,24.5,76.73,0,0,,0,0,28.8,16.6,115,1011.5,27.5,10,1,0,0,10,Partially cloudy,partly-cloudy-night,"48820099999,VVNB"
"Hà Nội, Giải Phóng",2023-11-05T19:00:00,28.3,33.1,24.9,81.85,0,0,,0,0,28.8,9.3,98,1012.4,31,10.1,0,0,0,3,Partially cloudy,partly-cloudy-night,"48820099999,48823099999,48825099999,48831099999,VVNB"
"Hà Nội, Giải Phóng",2023-11-05T20:00:00,27.5,31,24,81.26,0,0,,0,0,27,17.5,130,1013,95.9,10,0,0,0,3,Overcast,cloudy,"48820099999,VVNB"
"Hà Nội, Giải Phóng",2023-11-05T21:00:00,27,30.1,24,83.68,0,0,,0,0,26.3,13.9,130,1013.5,30,10,0,0,0,10,Partially cloudy,partly-cloudy-night,"48820099999,VVNB"
"Hà Nội, Giải Phóng",2023-11-05T22:00:00,26.7,29.7,24.7,88.8,0,0,,0,0,25.2,8,135,1013.7,16.7,9.9,0,0,0,10,Clear,clear-night,"48820099999,48823099999,48825099999,VVNB"
"Hà Nội, Giải Phóng",2023-11-05T23:00:00,26,26,24,88.76,0,0,,0,0,26.6,10.3,95,1014,0,8.5,0,0,0,10,Clear,clear-night,"48820099999,VVNB"
"Hà Nội, Giải Phóng",2023-11-06T00:00:00,26,26,24,88.76,0,0,,0,0,24.8,10.3,100,1013,89,6,0,0,0,10,Partially cloudy,partly-cloudy-night,"48820099999,VVNB"
"Hà Nội, Giải Phóng",2023-11-06T01:00:00,25.8,25.8,24.8,94.14,0,0,,0,0,23.4,7.5,106,1013,43.2,9.3,0,0,0,10,Partially cloudy,partly-cloudy-night,"48820099999,48823099999,48825099999,48831099999,VVNB"
"Hà Nội, Giải Phóng",2023-11-06T02:00:00,25,25,24.5,97.06,0,0,,0,0,18.7,10.3,95,1013,89,5,0,0,0,10,Partially cloudy,partly-cloudy-night,"48820099999,VVNB"
"Hà Nội, Giải Phóng",2023-11-06T03:00:00,25.5,25.5,25,97.07,0,0,,0,0,16.9,13.9,100,1013,94,6,0,0,0,10,Overcast,cloudy,"48820099999,VVNB"
"Hà Nội, Giải Phóng",2023-11-06T04:00:00,25.5,25.5,24.5,94.52,0,0,,0,0,11.5,8,90,1013,44.2,9.2,0,0,0,10,Partially cloudy,partly-cloudy-night,"48820099999,48823099999,48825099999,VVNB"
"Hà Nội, Giải Phóng",2023-11-06T05:00:00,26,26,24.5,91.46,0,0,,0,0,10.8,8.5,80,1013.5,89,6,0,0,0,10,Partially cloudy,partly-cloudy-night,"48820099999,VVNB"
"Hà Nội, Giải Phóng",2023-11-06T06:00:00,26,26,24,88.76,0,0,,0,0,10.4,8.5,75,1014.5,89,6.5,0,0,0,10,Partially cloudy,partly-cloudy-night,"48820099999,VVNB"
"Hà Nội, Giải Phóng",2023-11-06T07:00:00,25.9,25.9,24.7,93.03,6.896,100,rain,0,0,10.8,7.4,125,1015.2,97.8,9.3,49,0.2,0,10,"Rain, Overcast",rain,"48820099999,48823099999,48825099999,48831099999,VVNB"
"Hà Nội, Giải Phóng",2023-11-06T08:00:00,27,30.1,24,83.68,0,0,rain,0,0,8.3,8.5,65,1016,100,8.5,241,0.9,2,30,Overcast,cloudy,"48820099999,VVNB"
"Hà Nội, Giải Phóng",2023-11-06T09:00:00,28,31.9,24,78.92,0,0,,0,0,10.4,9.4,65,1016,89,8,445,1.6,4,30,Partially cloudy,partly-cloudy-day,"48820099999,VVNB"
"Hà Nội, Giải Phóng",2023-11-06T10:00:00,28.5,32.7,23.9,76.2,0,0,,0,0,9.7,4.9,86,1016.3,99.2,10.1,608,2.2,6,30,Overcast,cloudy,"48820099999,48823099999,48825099999,VVNB"
"Hà Nội, Giải Phóng",2023-11-06T11:00:00,30,34.6,23.5,68.21,0,0,rain,0,0,10.4,10.3,90,1015.5,95,10,713,2.6,7,30,Overcast,cloudy,"48820099999,VVNB"
"Hà Nội, Giải Phóng",2023-11-06T12:00:00,31,36,23.5,64.42,0,0,rain,0,0,12.2,7.6,75,1014.5,69,10,697,2.5,7,10,Partially cloudy,partly-cloudy-day,"48820099999,VVNB"
"Hà Nội, Giải Phóng",2023-11-06T13:00:00,28.6,32.9,23.9,75.86,0,0,rain,0,0,10.8,5.2,77,1015.8,97,10.2,538,1.9,5,10,Overcast,cloudy,"48820099999,48823099999,48825099999,48831099999,VVNB"
"Hà Nội, Giải Phóng",2023-11-06T14:00:00,25.5,25.5,24,91.43,0,0,,0,0,9.7,17.5,275,1013,69,3.5,283,1,3,10,Partially cloudy,partly-cloudy-day,"48820099999,VVNB"
"Hà Nội, Giải Phóng",2023-11-06T15:00:00,25,25,24,94.19,0,0,rain,0,0,13,12.1,115,1013,89,4,171,0.6,2,10,Partially cloudy,partly-cloudy-day,"48820099999,VVNB"
"Hà Nội, Giải Phóng",2023-11-06T16:00:00,25.5,25.5,23.3,87.71,0,0,rain,0,0,21.2,5.6,8,1013.3,99.2,9.8,76,0.3,1,10,Overcast,cloudy,"48820099999,48823099999,48825099999,VVNB"
"Hà Nội, Giải Phóng",2023-11-06T17:00:00,24,24,22,88.6,0,0,rain,0,0,27,15.7,55,1014,95,10,9,0,0,10,Overcast,cloudy,"48820099999,VVNB"
"Hà Nội, Giải Phóng",2023-11-06T18:00:00,24,24,21,83.34,0,0,,0,0,26.3,17.5,45,1015,89,10,0,0,0,10,Partially cloudy,partly-cloudy-night,"48820099999,VVNB"
"Hà Nội, Giải Phóng",2023-11-06T19:00:00,24.7,24.7,21.2,80.64,0.69,100,rain,0,0,28.1,8.9,11,1015.8,90.7,10,0,0,0,10,"Rain, Overcast",rain,"48820099999,48823099999,48825099999,48831099999,VVNB"
"Hà Nội, Giải Phóng",2023-11-06T20:00:00,24,24,20,78.35,0,0,rain,0,0,27,15.7,50,1017,94,10,0,0,0,10,Overcast,cloudy,"48820099999,VVNB"
"Hà Nội, Giải Phóng",2023-11-06T21:00:00,23,23,21,88.52,0,0,rain,0,0,24.5,16.6,55,1017.5,100,10,0,0,0,10,Overcast,cloudy,"48820099999,VVNB"
"Hà Nội, Giải Phóng",2023-11-06T22:00:00,22.6,22.6,21.1,91.22,0,0,,0,0,20.2,5.7,337,1017.9,99.9,3.7,0,0,0,10,Overcast,cloudy,"48820099999,48823099999,48825099999,VVNB"
"Hà Nội, Giải Phóng",2023-11-06T23:00:00,22,22,21,94.06,0,0,,0,0,18,18.4,40,1018,100,3,0,0,0,10,Overcast,cloudy,VVNB
"Hà Nội, Giải Phóng",2023-11-07T00:00:00,22,22,21,94.06,0,0,,0,0,16.9,18.4,30,1017,100,9,0,0,0,10,Overcast,cloudy,VVNB
"Hà Nội, Giải Phóng",2023-11-07T01:00:00,22,22,20,88.43,0,0,,0,0,15.5,13,40,1016,99,10,0,0,0,10,Overcast,cloudy,VVNB
"Hà Nội, Giải Phóng",2023-11-07T02:00:00,22,22,20,88.43,0,0,,0,0,15.1,9.4,350,1017,88,10,0,0,0,10,Partially cloudy,partly-cloudy-night,VVNB
"Hà Nội, Giải Phóng",2023-11-07T03:00:00,22,22,21,94.06,0,0,,0,0,14.4,9.4,10,1016,100,10,0,0,0,10,Overcast,cloudy,VVNB
"Hà Nội, Giải Phóng",2023-11-07T04:00:00,22.1,22.1,21.1,94,0,0,,0,0,11.9,1.2,23,1016.1,99.8,10,0,0,0,10,Overcast,cloudy,"48820099999,48823099999,48825099999,VVNB"
"Hà Nội, Giải Phóng",2023-11-07T05:00:00,22,22,21,94.06,0,0,,0,0,13,5.6,10,1016,89,10,0,0,0,10,Partially cloudy,partly-cloudy-night,"48820099999,VVNB"
"Hà Nội, Giải Phóng",2023-11-07T06:00:00,22,22,21,94.06,0,0,,0,0,9.7,5.4,350,1016.5,100,10,0,0,0,10,Overcast,cloudy,"48820099999,VVNB"
"Hà Nội, Giải Phóng",2023-11-07T07:00:00,22.4,22.4,20.7,90.12,22.673,100,rain,0,0,10.1,1.4,354,1017.3,97.8,10.1,22,0.1,0,10,"Rain, Overcast",rain,"48820099999,48823099999,48825099999,48831099999,VVNB"
"Hà Nội, Giải Phóng",2023-11-07T08:00:00,22.5,22.5,20.5,88.48,0,0,,0,0,9,6.5,345,1018,94,10,89,0.3,1,10,Overcast,cloudy,"48820099999,VVNB"
"Hà Nội, Giải Phóng",2023-11-07T09:00:00,23,23,20,83.22,0,0,,0,0,7.6,9.4,360,1018,100,10,150,0.5,2,10,Overcast,cloudy,"48820099999,VVNB"
"Hà Nội, Giải Phóng",2023-11-07T10:00:00,23.8,23.8,20.1,79.58,0,0,,0,0,6.1,7.4,329,1018.2,99,10,197,0.7,2,10,Overcast,cloudy,"48820099999,48823099999,48825099999,VVNB"
"Hà Nội, Giải Phóng",2023-11-07T11:00:00,23.5,23.5,20,80.75,0,0,,0,0,5.8,10.3,360,1017,89,10,241,0.9,2,10,Partially cloudy,partly-cloudy-day,"48820099999,VVNB"
"Hà Nội, Giải Phóng",2023-11-07T12:00:00,24,24,20,78.35,0,0,,0,0,6.1,10.3,360,1016,100,10,289,1,3,10,Overcast,cloudy,"48820099999,VVNB"
"Hà Nội, Giải Phóng",2023-11-07T13:00:00,24.3,24.3,19.9,76.19,0,0,,0,0,7.2,1.8,357,1015.5,98.7,9.8,380,1.4,4,10,Overcast,cloudy,"48820099999,48823099999,48825099999,48831099999,VVNB"
"Hà Nội, Giải Phóng",2023-11-07T14:00:00,23,23,21,88.52,0,0,,0,0,6.5,4.5,10,1014.5,89,10,492,1.8,5,10,Partially cloudy,partly-cloudy-day,"48820099999,VVNB"
"Hà Nội, Giải Phóng",2023-11-07T15:00:00,24,24,21.5,85.94,0,0,,0,0,6.5,6.5,345,1014,88,10,495,1.8,5,10,Partially cloudy,partly-cloudy-day,"48820099999,VVNB"
"Hà Nội, Giải Phóng",2023-11-07T16:00:00,25.2,25.2,20.3,74.54,0,0,,0,0,7.6,7.1,324,1014,92.1,10,239,0.9,2,10,Overcast,cloudy,"48820099999,48823099999,48825099999,VVNB"
"Hà Nội, Giải Phóng",2023-11-07T17:00:00,23.5,23.5,21,85.88,0,0,,0,0,5.4,3.6,147.9,1014,12.5,9.5,41,0.1,0,10,Clear,clear-day,"48820099999,VVNB"
"Hà Nội, Giải Phóng",2023-11-07T18:00:00,23,23,21,88.52,0,0,,0,0,7.9,3.6,335,1014,95.5,10,1,0,0,10,Overcast,cloudy,"48820099999,VVNB"
"Hà Nội, Giải Phóng",2023-11-07T19:00:00,23.5,23.5,21.9,90.5,0,0,,0,0,8.3,1.2,312,1014.4,98.4,9.9,0,0,0,10,Overcast,cloudy,"48820099999,48823099999,48825099999,48831099999,VVNB"
"Hà Nội, Giải Phóng",2023-11-07T20:00:00,23,23,22,94.11,0,0,,0,0,9.4,4.5,325,1015,89,7.5,0,0,0,10,Partially cloudy,partly-cloudy-night,"48820099999,VVNB"
"Hà Nội, Giải Phóng",2023-11-07T21:00:00,23,23,22,94.11,0,0,,0,0,10.4,5.4,310,1015.5,89,8.5,0,0,0,10,Partially cloudy,partly-cloudy-night,"48820099999,VVNB"
"Hà Nội, Giải Phóng",2023-11-07T22:00:00,23.4,23.4,22.3,93.17,0,0,,0,0,13.3,0.4,165.5,1015.8,97.2,9.7,0,0,0,10,Overcast,cloudy,"48820099999,48823099999,48825099999,VVNB"
"Hà Nội, Giải Phóng",2023-11-07T23:00:00,23,23,21,88.52,0,0,,0,0,15.1,2.7,165.2,1015.5,89,10,0,0,0,10,Partially cloudy,partly-cloudy-night,"48820099999,VVNB"
"Hà Nội, Giải Phóng",2023-11-08T00:00:00,23,23,22,94.11,0,0,,0,0,15.5,0.9,157.3,1015,95,10,0,0,0,10,Overcast,cloudy,"48820099999,VVNB"
"Hà Nội, Giải Phóng",2023-11-08T01:00:00,23.4,23.4,22.1,92.09,0,0,,0,0,10.8,0.2,149.7,1014.7,97.9,10,0,0,0,10,Overcast,cloudy,"48820099999,48823099999,48825099999,48831099999,VVNB"
"Hà Nội, Giải Phóng",2023-11-08T02:00:00,23,23,21.5,91.27,0,0,,0,0,11.5,3.6,15,1014,3.7,10,0,0,0,10,Clear,clear-night,"48820099999,VVNB"
"Hà Nội, Giải Phóng",2023-11-08T03:00:00,23,23,21.5,91.28,0,0,,0,0,9,4.5,60,1014,5,10,0,0,0,10,Clear,clear-night,"48820099999,VVNB"
"Hà Nội, Giải Phóng",2023-11-08T04:00:00,23.1,23.1,22.1,93.84,0,0,,0,0,5.8,1.3,43,1013.4,91.1,9.7,0,0,0,10,Overcast,cloudy,"48820099999,48823099999,48825099999,VVNB"
"Hà Nội, Giải Phóng",2023-11-08T05:00:00,23,23,21,88.52,0,0,,0,0,5,4.5,90,1014,0,9,0,0,0,10,Clear,clear-night,"48820099999,VVNB"
"Hà Nội, Giải Phóng",2023-11-08T06:00:00,22.5,22.5,21,91.24,0,0,,0,0,4,6.5,75,1014,0,5,0,0,0,10,Clear,clear-night,"48820099999,VVNB"
"Hà Nội, Giải Phóng",2023-11-08T07:00:00,23.4,23.4,21.7,89.95,0,0,,0,0,8.6,1.4,58,1014.8,88.8,9.1,48,0.2,0,10,Partially cloudy,partly-cloudy-day,"48820099999,48823099999,48825099999,48831099999,VVNB"
"Hà Nội, Giải Phóng",2023-11-08T08:00:00,24,24,21.5,85.94,0,0,,0,0,7.2,9.4,50,1015.5,50,6,237,0.9,2,10,Partially cloudy,partly-cloudy-day,"48820099999,VVNB"
"Hà Nội, Giải Phóng",2023-11-08T09:00:00,24.5,24.5,21,80.88,0,0,,0,0,9.7,7.6,40,1016,0,7,452,1.6,5,10,Clear,clear-day,"48820099999,VVNB"
"Hà Nội, Giải Phóng",2023-11-08T10:00:00,26.4,26.4,21.7,75.55,0,0,,0,0,10.1,1.7,48,1015.7,87.9,9.5,616,2.2,6,10,Partially cloudy,partly-cloudy-day,"48820099999,48823099999,48825099999,VVNB"
"Hà Nội, Giải Phóng",2023-11-08T11:00:00,27.5,29.9,22,72,0,0,,0,0,9.4,3.6,320,1014.5,89,8.5,729,2.6,7,10,Partially cloudy,partly-cloudy-day,"48820099999,VVNB"
"Hà Nội, Giải Phóng",2023-11-08T12:00:00,28,30.7,22,69.92,0.1,100,rain,0,0,10.1,5.4,290,1013.5,69,9,742,2.7,7,10,"Rain, Partially cloudy",rain,"48820099999,VVNB"
"Hà Nội, Giải Phóng",2023-11-08T13:00:00,30.1,33.6,22.1,62.27,0,0,,0,0,9.7,3.8,136,1011.9,41,10.2,511,1.8,5,10,Partially cloudy,partly-cloudy-day,"48820099999,48823099999,48825099999,48831099999,VVNB"
"Hà Nội, Giải Phóng",2023-11-08T14:00:00,31,34.6,22,58.81,0,0,,0,0,9.7,5.4,200,1011,27.5,10,141,0.5,1,10,Partially cloudy,partly-cloudy-day,"48820099999,VVNB"
"Hà Nội, Giải Phóng",2023-11-08T15:00:00,30.5,33.9,22,60.52,0.1,100,rain,0,0,10.8,5.6,360,1010,50,10,106,0.4,1,10,"Rain, Partially cloudy",rain,"48820099999,VVNB"
"Hà Nội, Giải Phóng",2023-11-08T16:00:00,30.8,33.8,21.4,57.09,0,0,,0,0,10.4,1.1,350,1010,30.4,10,102,0.4,1,10,Partially cloudy,partly-cloudy-day,"48820099999,48823099999,48825099999,VVNB"
"Hà Nội, Giải Phóng",2023-11-08T17:00:00,28,31.3,23,74.3,0,0,,0,0,10.8,6.5,10,1010,0,7,39,0.1,0,10,Clear,clear-day,"48820099999,VVNB"
"Hà Nội, Giải Phóng",2023-11-08T18:00:00,27,29.6,23,78.78,0,0,,0,0,16.6,5.6,10,1011,0,7.5,1,0,0,10,Clear,clear-night,"48820099999,VVNB"
"Hà Nội, Giải Phóng",2023-11-08T19:00:00,26.4,26.4,23.2,82.63,0,0,,0,0,22.3,1,327,1011.5,30,9.5,0,0,0,10,Partially cloudy,partly-cloudy-night,"48820099999,48823099999,48825099999,48831099999,VVNB"
"Hà Nội, Giải Phóng",2023-11-08T20:00:00,26,26,23,83.57,0,0,,0,0,26.6,1.8,330,1012,57.5,7.5,0,0,0,10,Partially cloudy,partly-cloudy-night,"48820099999,VVNB"
"Hà Nội, Giải Phóng",2023-11-08T21:00:00,26,26,23.5,86.13,0,0,,0,0,27,13,135,1013,89,5,0,0,0,10,Partially cloudy,partly-cloudy-night,"48820099999,VVNB"
"Hà Nội, Giải Phóng",2023-11-08T22:00:00,26.4,26.4,24.5,89.23,0,0,,0,0,27,2.8,155,1013.3,88.5,9.8,0,0,0,10,Partially cloudy,partly-cloudy-night,"48820099999,48823099999,48825099999,VVNB"
"Hà Nội, Giải Phóng",2023-11-08T23:00:00,26,26,24,88.76,0,0,,0,0,27.4,12.1,145,1013,89,8.5,0,0,0,10,Partially cloudy,partly-cloudy-night,"48820099999,VVNB"
"Hà Nội, Giải Phóng",2023-11-09T00:00:00,26.1,26.1,24.1,88.76,0,0,,0,0,26.6,13,160,1013,90,8,0,0,0,10,Partially cloudy,partly-cloudy-night,48820099999
"Hà Nội, Giải Phóng",2023-11-09T01:00:00,26,26,24.7,92.24,0,0,,0,0,25.2,2.3,165,1013.7,89.7,9.4,0,0,0,10,Partially cloudy,partly-cloudy-night,"48820099999,48823099999,48825099999,48831099999,VVNB"
"Hà Nội, Giải Phóng",2023-11-09T02:00:00,26,26,24,88.76,0,0,,0,0,22,12.1,145,1012,89,7,0,0,0,10,Partially cloudy,partly-cloudy-night,"48820099999,VVNB"
"Hà Nội, Giải Phóng",2023-11-09T03:00:00,26,26,24,88.76,0,0,,0,0,18,9.4,125,1012,44,7,0,0,0,10,Partially cloudy,partly-cloudy-night,"48820099999,VVNB"
"Hà Nội, Giải Phóng",2023-11-09T04:00:00,25,25,24.1,94.67,0,0,,0,0,15.5,1.3,110,1012.1,0,9.4,0,0,0,10,Clear,clear-night,"48820099999,48823099999,48825099999,VVNB"
"Hà Nội, Giải Phóng",2023-11-09T05:00:00,24,24,24,100,0,0,,0,0,14,5.4,90,1012,27.5,4.5,0,0,0,10,Partially cloudy,partly-cloudy-night,"48820099999,VVNB"
"Hà Nội, Giải Phóng",2023-11-09T06:00:00,25,25,24,94.19,0,0,,0,0,13.7,5.4,70,1013,57.5,3,0,0,0,10,Partially cloudy,partly-cloudy-night,"48820099999,VVNB"
"Hà Nội, Giải Phóng",2023-11-09T07:00:00,25.4,25.4,24.5,95.1,0,0,,0,0,12.2,1.9,103,1013.6,89.2,3.9,48,0.2,0,10,Partially cloudy,partly-cloudy-day,"48820099999,48823099999,48825099999,48831099999,VVNB"
"Hà Nội, Giải Phóng",2023-11-09T08:00:00,27,30.1,24,83.68,0,0,,0,0,13,12.1,100,1014.5,89,5,243,0.9,2,10,Partially cloudy,partly-cloudy-day,"48820099999,VVNB"
"Hà Nội, Giải Phóng",2023-11-09T09:00:00,28,31.9,24,78.92,0.1,100,rain,0,0,14,8.5,80,1015,89,7.5,445,1.6,4,10,"Rain, Partially cloudy",rain,"48820099999,VVNB"
"Hà Nội, Giải Phóng",2023-11-09T10:00:00,28.9,33.6,24.2,75.74,0,0,,0,0,13.3,7.5,99,1014.7,85.6,10.1,583,2.1,6,10,Partially cloudy,partly-cloudy-day,"48820099999,48823099999,48825099999,VVNB"
"Hà Nội, Giải Phóng",2023-11-09T11:00:00,30.5,34.8,23,64.31,0,0,,0,0,13.7,9.4,140,1013.5,70,10,593,2.1,6,10,Partially cloudy,partly-cloudy-day,"48820099999,VVNB"
"Hà Nội, Giải Phóng",2023-11-09T12:00:00,31,35.5,23,62.5,0,0,,0,0,13.3,7.4,160,1013,89,10,637,2.3,6,10,Partially cloudy,partly-cloudy-day,"48820099999,VVNB"
"Hà Nội, Giải Phóng",2023-11-09T13:00:00,31.4,35.6,22.7,59.95,0,0,,0,0,13,6.6,139,1012,81.9,10.3,682,2.5,7,10,Partially cloudy,partly-cloudy-day,"48820099999,48823099999,48825099999,48831099999,VVNB"
"Hà Nội, Giải Phóng",2023-11-09T14:00:00,31,36,23.5,64.41,0,0,,0,0,12.6,7.4,80,1011,89,10,495,1.8,5,10,Partially cloudy,partly-cloudy-day,"48820099999,VVNB"
"Hà Nội, Giải Phóng",2023-11-09T15:00:00,31,35.5,23,62.5,0,0,,0,0,13.7,7.6,60,1010.5,50,10,199,0.7,2,10,Partially cloudy,partly-cloudy-day,"48820099999,VVNB"
"Hà Nội, Giải Phóng",2023-11-09T16:00:00,31.9,35.4,21.7,54.91,0,0,,0,0,18.4,1.2,58,1010.3,11,10.1,99,0.4,1,10,Clear,clear-day,"48820099999,48823099999,48825099999,VVNB"
"Hà Nội, Giải Phóng",2023-11-09T17:00:00,29.5,33.9,23.5,70.2,0,0,,0,0,21.6,7.6,20,1010.5,17.2,10,46,0.2,0,10,Clear,clear-day,"48820099999,VVNB"
"Hà Nội, Giải Phóng",2023-11-09T18:00:00,28,31.6,23.5,76.58,0,0,,0,0,20.9,5.4,50,1011,0,7.5,2,0,0,10,Clear,clear-night,"48820099999,VVNB"
"Hà Nội, Giải Phóng",2023-11-09T19:00:00,28.5,32.6,23.9,76.36,0,0,,0,0,22,6.7,162,1011.9,57.3,9.3,0,0,0,10,Partially cloudy,partly-cloudy-night,"48820099999,48823099999,48825099999,48831099999,VVNB"
"Hà Nội, Giải Phóng",2023-11-09T20:00:00,27.5,31,24,81.26,0,0,,0,0,25.6,9.4,105,1013,40,5.5,0,0,0,10,Partially cloudy,partly-cloudy-night,"48820099999,VVNB"
"Hà Nội, Giải Phóng",2023-11-09T21:00:00,27,30.3,24.5,86.22,0,0,,0,0,28.1,9.4,115,1013,27.5,8.5,0,0,0,10,Partially cloudy,partly-cloudy-night,"48820099999,VVNB"
"Hà Nội, Giải Phóng",2023-11-09T22:00:00,27.1,30.5,24.3,84.56,0,0,,0,0,28.4,10.8,169,1013.6,35.5,9.7,0,0,0,10,Partially cloudy,partly-cloudy-night,"48820099999,48823099999,48825099999,VVNB"
"Hà Nội, Giải Phóng",2023-11-09T23:00:00,26,26,24,88.76,0,0,,0,0,27,10.3,130,1014,0,7,0,0,0,10,Clear,clear-night,"48820099999,VVNB"
"Hà Nội, Giải Phóng",2023-11-10T00:00:00,26,26,24,88.76,0,0,,0,0,25.2,11.2,120,1014,0,7,0,0,0,10,Clear,clear-night,"48820099999,VVNB"
"Hà Nội, Giải Phóng",2023-11-10T01:00:00,25.8,25.8,25,95.21,0,0,,0,0,22.7,2.1,96,1013.5,72.3,9.3,0,0,0,10,Partially cloudy,partly-cloudy-night,"48820099999,48823099999,48825099999,48831099999,VVNB"
"Hà Nội, Giải Phóng",2023-11-10T02:00:00,25,25,24,94.19,0,0,,0,0,22,8.5,85,1013,69,4.5,0,0,0,10,Partially cloudy,partly-cloudy-night,"48820099999,VVNB"
"Hà Nội, Giải Phóng",2023-11-10T03:00:00,25,25,24,94.19,0,0,,0,0,20.2,9.4,85,1013,89,5.5,0,0,0,10,Partially cloudy,partly-cloudy-night,"48820099999,VVNB"
"Hà Nội, Giải Phóng",2023-11-10T04:00:00,25.4,25.4,24.6,95.25,0,0,,0,0,18.4,1.9,86,1013.6,69,9.3,0,0,0,10,Partially cloudy,partly-cloudy-night,"48820099999,48823099999,48825099999,VVNB"
"Hà Nội, Giải Phóng",2023-11-10T05:00:00,25,25,24,94.19,0,0,,0,0,15.1,8.5,85,1014,27.5,5,0,0,0,10,Partially cloudy,partly-cloudy-night,"48820099999,VVNB"
"Hà Nội, Giải Phóng",2023-11-10T06:00:00,24.5,24.5,24,97.05,0,0,,0,0,12.2,5.4,70,1014.5,12.5,3.5,0,0,0,10,Clear,clear-night,"48820099999,VVNB"
"Hà Nội, Giải Phóng",2023-11-10T07:00:00,25.5,25.5,24.7,95.21,0,0,,0,0,11.9,1.6,68,1015,55,8.9,47,0.2,0,10,Partially cloudy,partly-cloudy-day,"48820099999,48823099999,48825099999,48831099999,VVNB"
"Hà Nội, Giải Phóng",2023-11-10T08:00:00,26.5,26.5,25,91.49,0,0,,0,0,13.3,7.6,75,1016,89,6.5,243,0.9,2,10,Partially cloudy,partly-cloudy-day,"48820099999,VVNB"
"Hà Nội, Giải Phóng",2023-11-10T09:00:00,29,34.5,25,79.06,0,0,,0,0,13,8.5,95,1016.5,89,9,450,1.6,5,10,Partially cloudy,partly-cloudy-day,"48820099999,VVNB"
"Hà Nội, Giải Phóng",2023-11-10T10:00:00,29.6,34.8,24.3,72.97,0,0,,0,0,13.7,7.2,198,1016.6,81.8,10.1,619,2.2,6,10,Partially cloudy,partly-cloudy-day,"48820099999,48823099999,48825099999,VVNB"
"Hà Nội, Giải Phóng",2023-11-10T11:00:00,31,36,23.5,64.42,0.1,100,rain,0,0,14,8.5,95,1015.5,89,10,684,2.5,7,10,"Rain, Partially cloudy",rain,"48820099999,VVNB"
"Hà Nội, Giải Phóng",2023-11-10T12:00:00,32,36.8,23,59.05,0,0,,0,0,14,7.6,165,1014.5,89,10,685,2.5,7,10,Partially cloudy,partly-cloudy-day,"48820099999,VVNB"
"Hà Nội, Giải Phóng",2023-11-10T13:00:00,31.9,35.4,21.7,55.07,0,0,,0,0,14,6.9,140,1013.7,50.5,10.3,713,2.6,7,10,Partially cloudy,partly-cloudy-day,"48820099999,48823099999,48825099999,48831099999,VVNB"
"Hà Nội, Giải Phóng",2023-11-10T14:00:00,33,37.5,22.5,54.14,0,0,,0,0,13.7,9.4,170,1012.5,50,10,618,2.2,6,10,Partially cloudy,partly-cloudy-day,"48820099999,VVNB"
"Hà Nội, Giải Phóng",2023-11-10T15:00:00,33,37,22,52.52,0,0,,0,0,14,9.4,155,1012,40,10,414,1.5,4,10,Partially cloudy,partly-cloudy-day,"48820099999,VVNB"
"Hà Nội, Giải Phóng",2023-11-10T16:00:00,32.6,36.4,21.9,53.48,0,0,,0,0,20.5,8,143,1011.8,10.3,10.1,126,0.5,1,30,Clear,clear-day,"48820099999,48823099999,48825099999,VVNB"
"Hà Nội, Giải Phóng",2023-11-10T17:00:00,30.5,34.8,23,64.31,0,0,,0,0,23.4,10.3,125,1012,27.5,10,78,0.3,1,30,Partially cloudy,partly-cloudy-day,"48820099999,VVNB"
"Hà Nội, Giải Phóng",2023-11-10T18:00:00,29.5,34.9,24.5,74.54,0,0,,0,0,27.7,14.8,130,1012.5,69,10,2,0,0,10,Partially cloudy,partly-cloudy-night,"48820099999,VVNB"
"Hà Nội, Giải Phóng",2023-11-10T19:00:00,28.9,34.2,24.9,79.17,0,0,,0,0,29.5,11.7,140,1013.5,26.8,10.1,0,0,0,10,Partially cloudy,partly-cloudy-night,"48820099999,48823099999,48825099999,48831099999,VVNB"
"Hà Nội, Giải Phóng",2023-11-10T20:00:00,28,32.7,25,83.79,0,0,,0,0,29.9,17.5,130,1014,5,10,0,0,0,3,Clear,clear-night,"48820099999,VVNB"
"Hà Nội, Giải Phóng",2023-11-10T21:00:00,27,30.6,25,88.84,0,0,,0,0,30.6,15.7,130,1015,30,10,0,0,0,3,Partially cloudy,partly-cloudy-night,"48820099999,VVNB"
"Hà Nội, Giải Phóng",2023-11-10T22:00:00,27.1,31,25.3,89.71,0,0,,0,0,28.8,8.3,138,1015.1,10.5,9.9,0,0,0,3,Clear,clear-night,"48820099999,48823099999,48825099999,VVNB"
"Hà Nội, Giải Phóng",2023-11-10T23:00:00,26.5,26.5,25,91.49,0,0,,0,0,26.6,12.1,120,1015,50,7.5,0,0,0,10,Partially cloudy,partly-cloudy-night,"48820099999,VVNB"
